repo,worker_name,url,http_status,mobile_viewport,primary_clicked,return_nav_present,keyboard_tab_moved_focus,console_error_count,failed_request_count,axe,browser,pageerror_count,resource_404_console_count
oulu-mimo-smart-antenna-lab,gunnchos-oulu-mimo,https://gunnchos-oulu-mimo.gunnchos-finds.workers.dev/,200,390x844,true,true,true,1,0,not_in_current_surface_test_stack,chrome-via-playwright-core,0,1
EDGE-SIGNALS,gunnchos-edge-signals,https://gunnchos-edge-signals.gunnchos-finds.workers.dev/,200,390x844,true,true,true,1,0,not_in_current_surface_test_stack,chrome-via-playwright-core,0,1
edge-io-measurement-node,gunnchos-edge-io,https://gunnchos-edge-io.gunnchos-finds.workers.dev/,200,390x844,true,true,true,1,0,not_in_current_surface_test_stack,chrome-via-playwright-core,0,1
gunnchos-7gc-ai-ran-field-kit,gunnchos-7gc-field-kit,https://gunnchos-7gc-field-kit.gunnchos-finds.workers.dev/,200,390x844,true,true,true,1,0,not_in_current_surface_test_stack,chrome-via-playwright-core,0,1
gunnchos-emergent-service-intent-protocols,gunnchos-service-intent,https://gunnchos-service-intent.gunnchos-finds.workers.dev/,200,390x844,true,true,true,1,0,not_in_current_surface_test_stack,chrome-via-playwright-core,0,1
oulu-stochastic-dsp-lab,gunnchos-oulu-dsp,https://gunnchos-oulu-dsp.gunnchos-finds.workers.dev/,200,390x844,true,true,true,1,0,not_in_current_surface_test_stack,chrome-via-playwright-core,0,1
oulu-wireless-measurement-system-testing-lab,gunnchos-oulu-measurement,https://gunnchos-oulu-measurement.gunnchos-finds.workers.dev/,200,390x844,true,true,true,1,0,not_in_current_surface_test_stack,chrome-via-playwright-core,0,1
readygary-6g-beam-selection,gunnchos-readygary,https://gunnchos-readygary.gunnchos-finds.workers.dev/,200,390x844,true,true,true,1,0,not_in_current_surface_test_stack,chrome-via-playwright-core,0,1
gunnchos-stochastic-dsp-lab,gunnchos-stochastic-dsp,https://gunnchos-stochastic-dsp.gunnchos-finds.workers.dev/,200,390x844,true,true,true,1,0,not_in_current_surface_test_stack,chrome-via-playwright-core,0,1
ntn-resilience-sim,gunnchos-ntn-resilience,https://gunnchos-ntn-resilience.gunnchos-finds.workers.dev/,200,390x844,true,true,true,1,0,not_in_current_surface_test_stack,chrome-via-playwright-core,0,1
waike-research-ops,gunnchos-waike-ops,https://gunnchos-waike-ops.gunnchos-finds.workers.dev/,200,390x844,true,true,true,1,0,not_in_current_surface_test_stack,chrome-via-playwright-core,0,1
gunnchos-gpu-nr-baseband-platform,gunnchos-gpu-nr-baseband,https://gunnchos-gpu-nr-baseband.gunnchos-finds.workers.dev/,200,390x844,true,true,true,1,0,not_in_current_surface_test_stack,chrome-via-playwright-core,0,1
oulu-6g-security-trust-privacy-lab,gunnchos-oulu-security,https://gunnchos-oulu-security.gunnchos-finds.workers.dev/,200,390x844,true,true,true,1,0,not_in_current_surface_test_stack,chrome-via-playwright-core,0,1
oulu-rf-front-end-lab,gunnchos-oulu-rf,https://gunnchos-oulu-rf.gunnchos-finds.workers.dev/,200,390x844,true,true,true,1,0,not_in_current_surface_test_stack,chrome-via-playwright-core,0,1
spectrumx-ai-ran-gary,gunnchos-spectrumx,https://gunnchos-spectrumx.gunnchos-finds.workers.dev/,200,390x844,true,true,true,1,0,not_in_current_surface_test_stack,chrome-via-playwright-core,0,1
gunnchos-research-portal,gunnchos-research,https://gunnchos-research.gunnchos-finds.workers.dev/,200,390x844,true,true,true,1,0,not_in_current_surface_test_stack,chrome-via-playwright-core,0,1
7gc-digital-twin,gunnchos-7gc-digital-twin,https://gunnchos-7gc-digital-twin.gunnchos-finds.workers.dev/,200,390x844,true,true,true,1,0,not_in_current_surface_test_stack,chrome-via-playwright-core,0,1
oulu-information-theory-channel-coding-lab,gunnchos-oulu-channel-coding,https://gunnchos-oulu-channel-coding.gunnchos-finds.workers.dev/,200,390x844,true,true,true,1,0,not_in_current_surface_test_stack,chrome-via-playwright-core,0,1
gunnchos-technology-landscape,gunnchos-tech-landscape,https://gunnchos-tech-landscape.gunnchos-finds.workers.dev/,200,390x844,true,true,true,1,0,not_in_current_surface_test_stack,chrome-via-playwright-core,0,1
oulu-open-ran-testbed-lab,gunnchos-oulu-open-ran,https://gunnchos-oulu-open-ran.gunnchos-finds.workers.dev/,200,390x844,true,true,true,1,0,not_in_current_surface_test_stack,chrome-via-playwright-core,0,1
oulu-wce-readiness-dashboard,gunnchos-oulu-wce,https://gunnchos-oulu-wce.gunnchos-finds.workers.dev/,200,390x844,true,true,true,1,0,not_in_current_surface_test_stack,chrome-via-playwright-core,0,1
7gc-verticals-6g-use-case-lab,gunnchos-7gc-verticals,https://gunnchos-7gc-verticals.gunnchos-finds.workers.dev/,200,390x844,true,true,true,1,0,not_in_current_surface_test_stack,chrome-via-playwright-core,0,1
gunnchos-hardware-industrial-design,gunnchos-hardware,https://gunnchos-hardware.gunnchos-finds.workers.dev/,200,390x844,true,true,true,1,0,not_in_current_surface_test_stack,chrome-via-playwright-core,0,1
gunnchos-device-os,gunnchos-device-os,https://gunnchos-device-os.gunnchos-finds.workers.dev/,200,390x844,true,true,true,1,0,not_in_current_surface_test_stack,chrome-via-playwright-core,0,1
gunnchAI3k,gunnchos-gunnchai,https://gunnchos-gunnchai.gunnchos-finds.workers.dev/,200,390x844,true,true,true,1,0,not_in_current_surface_test_stack,chrome-via-playwright-core,0,1
gunnchai-ai-ur-013-sandbox,gunnchos-ai-ur-013,https://gunnchos-ai-ur-013.gunnchos-finds.workers.dev/,200,390x844,true,true,true,1,0,not_in_current_surface_test_stack,chrome-via-playwright-core,0,1
anime-aggressors,anime-aggressors-web,https://anime-aggressors-web.gunnchos-finds.workers.dev/,200,390x844,false,true,true,1,0,not_in_current_surface_test_stack,chrome-via-playwright-core,0,1
pedestrian-pursuit,pedestrian-pursuit-web,https://pedestrian-pursuit-web.gunnchos-finds.workers.dev/,200,390x844,false,true,true,1,0,not_in_current_surface_test_stack,chrome-via-playwright-core,0,1
gunnchOS3k,gunnchos-ecosystem-index,https://gunnchos-ecosystem-index.gunnchos-finds.workers.dev/,200,390x844,true,true,true,1,0,not_in_current_surface_test_stack,chrome-via-playwright-core,0,1
gunnchOS3k-MLV-Hackathons,gunnchos-mlv-hackathons,https://gunnchos-mlv-hackathons.gunnchos-finds.workers.dev/,200,390x844,true,true,true,1,0,not_in_current_surface_test_stack,chrome-via-playwright-core,0,1
gunnchOS3k-MLV-Arcade,gunnchos-mlv-arcade,https://gunnchos-mlv-arcade.gunnchos-finds.workers.dev/,200,390x844,true,true,true,1,0,not_in_current_surface_test_stack,chrome-via-playwright-core,0,1
gunnchOS3k-MLV-open-Roles-and-Opportunities,gunnchos-mlv-roles,https://gunnchos-mlv-roles.gunnchos-finds.workers.dev/,200,390x844,true,true,true,1,0,not_in_current_surface_test_stack,chrome-via-playwright-core,0,1
gunnchOS3k-MLV-GameJam,gunnchos-mlv-gamejam,https://gunnchos-mlv-gamejam.gunnchos-finds.workers.dev/,200,390x844,true,true,true,1,0,not_in_current_surface_test_stack,chrome-via-playwright-core,0,1
