repo,pr,classification,worker_name,worker_url,source_ref,source_sha,deployment_sha_or_id,http_status,primary_action,primary_action_status,return_nav,mobile_smoke,console_error_count,broken_link_count,accessibility_serious_critical_count,generic_status_only,truth_boundary_pass,source_provenance_present,runtime_kind,runtime_boot_pass,large_asset_backend,custom_domain_attached,dns_changed,paid_plan_changed
oulu-mimo-smart-antenna-lab,1,STATIC_RESEARCH_SURFACE_WORKER,gunnchos-oulu-mimo,https://gunnchos-oulu-mimo.gunnchos-finds.workers.dev,surface/staging-worker,,,200,,generic_status_page,True,True,,1,,True,True,True,STATIC_RESEARCH_SURFACE_WORKER,False,none_observed,False,False,False
EDGE-SIGNALS,1,STATIC_RESEARCH_SURFACE_WORKER,gunnchos-edge-signals,https://gunnchos-edge-signals.gunnchos-finds.workers.dev,surface/staging-worker,,,200,,generic_status_page,True,True,,1,,True,True,True,STATIC_RESEARCH_SURFACE_WORKER,False,none_observed,False,False,False
edge-io-measurement-node,42,STATIC_RESEARCH_SURFACE_WORKER,gunnchos-edge-io,https://gunnchos-edge-io.gunnchos-finds.workers.dev,surface/staging-worker,,,200,,generic_status_page,True,True,,1,,True,True,True,STATIC_RESEARCH_SURFACE_WORKER,False,none_observed,False,False,False
gunnchos-7gc-ai-ran-field-kit,122,STATIC_RESEARCH_SURFACE_WORKER,gunnchos-7gc-field-kit,https://gunnchos-7gc-field-kit.gunnchos-finds.workers.dev,surface/staging-worker,,,200,,generic_status_page,True,True,,1,,True,True,True,STATIC_RESEARCH_SURFACE_WORKER,False,none_observed,False,False,False
gunnchos-emergent-service-intent-protocols,4,STATIC_RESEARCH_SURFACE_WORKER,gunnchos-service-intent,https://gunnchos-service-intent.gunnchos-finds.workers.dev,surface/staging-worker,,,200,,generic_status_page,True,True,,1,,True,True,True,STATIC_RESEARCH_SURFACE_WORKER,False,none_observed,False,False,False
oulu-stochastic-dsp-lab,1,STATIC_RESEARCH_SURFACE_WORKER,gunnchos-oulu-dsp,https://gunnchos-oulu-dsp.gunnchos-finds.workers.dev,surface/staging-worker,,,200,,generic_status_page,True,True,,1,,True,True,True,STATIC_RESEARCH_SURFACE_WORKER,False,none_observed,False,False,False
oulu-wireless-measurement-system-testing-lab,1,STATIC_RESEARCH_SURFACE_WORKER,gunnchos-oulu-measurement,https://gunnchos-oulu-measurement.gunnchos-finds.workers.dev,surface/staging-worker,,,200,,generic_status_page,True,True,,1,,True,True,True,STATIC_RESEARCH_SURFACE_WORKER,False,none_observed,False,False,False
readygary-6g-beam-selection,29,STATIC_RESEARCH_SURFACE_WORKER,gunnchos-readygary,https://gunnchos-readygary.gunnchos-finds.workers.dev,surface/staging-worker,,,200,,generic_status_page,True,True,,1,,True,True,True,STATIC_RESEARCH_SURFACE_WORKER,False,none_observed,False,False,False
gunnchos-stochastic-dsp-lab,1,STATIC_RESEARCH_SURFACE_WORKER,gunnchos-stochastic-dsp,https://gunnchos-stochastic-dsp.gunnchos-finds.workers.dev,surface/staging-worker,,,200,,generic_status_page,True,True,,1,,True,True,True,STATIC_RESEARCH_SURFACE_WORKER,False,none_observed,False,False,False
ntn-resilience-sim,30,STATIC_RESEARCH_SURFACE_WORKER,gunnchos-ntn-resilience,https://gunnchos-ntn-resilience.gunnchos-finds.workers.dev,surface/staging-worker,,,200,,generic_status_page,True,True,,1,,True,True,True,STATIC_RESEARCH_SURFACE_WORKER,False,none_observed,False,False,False
waike-research-ops,63,STATIC_RESEARCH_SURFACE_WORKER,gunnchos-waike-ops,https://gunnchos-waike-ops.gunnchos-finds.workers.dev,surface/staging-worker,,,200,,generic_status_page,True,True,,1,,True,True,True,STATIC_RESEARCH_SURFACE_WORKER,False,none_observed,False,False,False
gunnchos-gpu-nr-baseband-platform,4,STATIC_RESEARCH_SURFACE_WORKER,gunnchos-gpu-nr-baseband,https://gunnchos-gpu-nr-baseband.gunnchos-finds.workers.dev,surface/staging-worker,,,200,,generic_status_page,True,True,,1,,True,True,True,STATIC_RESEARCH_SURFACE_WORKER,False,none_observed,False,False,False
oulu-6g-security-trust-privacy-lab,1,STATIC_RESEARCH_SURFACE_WORKER,gunnchos-oulu-security,https://gunnchos-oulu-security.gunnchos-finds.workers.dev,surface/staging-worker,,,200,,generic_status_page,True,True,,1,,True,True,True,STATIC_RESEARCH_SURFACE_WORKER,False,none_observed,False,False,False
oulu-rf-front-end-lab,1,STATIC_RESEARCH_SURFACE_WORKER,gunnchos-oulu-rf,https://gunnchos-oulu-rf.gunnchos-finds.workers.dev,surface/staging-worker,,,200,,generic_status_page,True,True,,1,,True,True,True,STATIC_RESEARCH_SURFACE_WORKER,False,none_observed,False,False,False
spectrumx-ai-ran-gary,105,STATIC_RESEARCH_SURFACE_WORKER,gunnchos-spectrumx,https://gunnchos-spectrumx.gunnchos-finds.workers.dev,surface/staging-worker,,,200,,generic_status_page,True,True,,1,,True,True,True,STATIC_RESEARCH_SURFACE_WORKER,False,none_observed,False,False,False
gunnchos-research-portal,50,STATIC_RESEARCH_SURFACE_WORKER,gunnchos-research,https://gunnchos-research.gunnchos-finds.workers.dev,surface/staging-worker,,,200,,generic_status_page,True,True,,1,,True,True,True,STATIC_RESEARCH_SURFACE_WORKER,False,none_observed,False,False,False
7gc-digital-twin,34,STATIC_RESEARCH_SURFACE_WORKER,gunnchos-7gc-digital-twin,https://gunnchos-7gc-digital-twin.gunnchos-finds.workers.dev,surface/staging-worker,,,200,,generic_status_page,True,True,,1,,True,True,True,STATIC_RESEARCH_SURFACE_WORKER,False,none_observed,False,False,False
oulu-information-theory-channel-coding-lab,1,STATIC_RESEARCH_SURFACE_WORKER,gunnchos-oulu-channel-coding,https://gunnchos-oulu-channel-coding.gunnchos-finds.workers.dev,surface/staging-worker,,,200,,generic_status_page,True,True,,1,,True,True,True,STATIC_RESEARCH_SURFACE_WORKER,False,none_observed,False,False,False
gunnchos-technology-landscape,11,STATIC_RESEARCH_SURFACE_WORKER,gunnchos-tech-landscape,https://gunnchos-tech-landscape.gunnchos-finds.workers.dev,surface/staging-worker,,,200,,generic_status_page,True,True,,1,,True,True,True,STATIC_RESEARCH_SURFACE_WORKER,False,none_observed,False,False,False
oulu-open-ran-testbed-lab,1,STATIC_RESEARCH_SURFACE_WORKER,gunnchos-oulu-open-ran,https://gunnchos-oulu-open-ran.gunnchos-finds.workers.dev,surface/staging-worker,,,200,,generic_status_page,True,True,,1,,True,True,True,STATIC_RESEARCH_SURFACE_WORKER,False,none_observed,False,False,False
oulu-wce-readiness-dashboard,1,STATIC_RESEARCH_SURFACE_WORKER,gunnchos-oulu-wce,https://gunnchos-oulu-wce.gunnchos-finds.workers.dev,surface/staging-worker,,,200,,generic_status_page,True,True,,1,,True,True,True,STATIC_RESEARCH_SURFACE_WORKER,False,none_observed,False,False,False
7gc-verticals-6g-use-case-lab,2,STATIC_RESEARCH_SURFACE_WORKER,gunnchos-7gc-verticals,https://gunnchos-7gc-verticals.gunnchos-finds.workers.dev,surface/staging-worker,,,200,,generic_status_page,True,True,,1,,True,True,True,STATIC_RESEARCH_SURFACE_WORKER,False,none_observed,False,False,False
gunnchos-hardware-industrial-design,86,STATIC_PRODUCT_SURFACE_WORKER,gunnchos-hardware,https://gunnchos-hardware.gunnchos-finds.workers.dev,surface/staging-worker,,,200,,generic_status_page,True,True,,1,,True,True,True,STATIC_PRODUCT_SURFACE_WORKER,False,none_observed,False,False,False
gunnchos-device-os,169,STATIC_PRODUCT_SURFACE_WORKER,gunnchos-device-os,https://gunnchos-device-os.gunnchos-finds.workers.dev,surface/staging-worker,,,200,,generic_status_page,True,True,,1,,True,True,True,STATIC_PRODUCT_SURFACE_WORKER,False,none_observed,False,False,False
gunnchAI3k,59,BACKEND_CONTROL_SURFACE_WORKER,gunnchos-gunnchai,https://gunnchos-gunnchai.gunnchos-finds.workers.dev,surface/staging-worker,,,200,,generic_status_page,True,True,,1,,True,True,True,BACKEND_CONTROL_SURFACE_WORKER,False,none_observed,False,False,False
gunnchai-ai-ur-013-sandbox,3,BACKEND_CONTROL_SURFACE_WORKER,gunnchos-ai-ur-013,https://gunnchos-ai-ur-013.gunnchos-finds.workers.dev,surface/staging-worker,,,200,,generic_status_page,True,True,,1,,True,True,True,BACKEND_CONTROL_SURFACE_WORKER,False,none_observed,False,False,False
anime-aggressors,120,HEAVY_ASSET_EXTERNAL_RUNTIME_SURFACE,anime-aggressors-web,https://anime-aggressors-web.gunnchos-finds.workers.dev,surface/staging-worker,,,200,,generic_status_page,True,True,,1,,True,True,True,HEAVY_ASSET_EXTERNAL_RUNTIME_SURFACE,False,none_observed,False,False,False
pedestrian-pursuit,40,GAME_LANDING_WORKER,pedestrian-pursuit-web,https://pedestrian-pursuit-web.gunnchos-finds.workers.dev,surface/staging-worker,,,200,,generic_status_page,True,True,,1,,True,True,True,GAME_LANDING_WORKER,False,none_observed,False,False,False
gunnchOS3k,6,META_DIRECTORY_WORKER,gunnchos-ecosystem-index,https://gunnchos-ecosystem-index.gunnchos-finds.workers.dev,surface/staging-worker,,,200,,generic_status_page,True,True,,1,,True,True,True,META_DIRECTORY_WORKER,False,none_observed,False,False,False
gunnchOS3k-MLV-Hackathons,2,META_DIRECTORY_WORKER,gunnchos-mlv-hackathons,https://gunnchos-mlv-hackathons.gunnchos-finds.workers.dev,surface/staging-worker,,,200,,generic_status_page,True,True,,1,,True,True,True,META_DIRECTORY_WORKER,False,none_observed,False,False,False
gunnchOS3k-MLV-Arcade,2,META_DIRECTORY_WORKER,gunnchos-mlv-arcade,https://gunnchos-mlv-arcade.gunnchos-finds.workers.dev,surface/staging-worker,,,200,,generic_status_page,True,True,,1,,True,True,True,META_DIRECTORY_WORKER,False,none_observed,False,False,False
gunnchOS3k-MLV-open-Roles-and-Opportunities,2,META_DIRECTORY_WORKER,gunnchos-mlv-roles,https://gunnchos-mlv-roles.gunnchos-finds.workers.dev,surface/staging-worker,,,200,,generic_status_page,True,True,,1,,True,True,True,META_DIRECTORY_WORKER,False,none_observed,False,False,False
gunnchOS3k-MLV-GameJam,2,META_DIRECTORY_WORKER,gunnchos-mlv-gamejam,https://gunnchos-mlv-gamejam.gunnchos-finds.workers.dev,surface/staging-worker,,,200,,generic_status_page,True,True,,1,,True,True,True,META_DIRECTORY_WORKER,False,none_observed,False,False,False
