repo,pr,classification,worker_url,http_status,shell_pass,depth_pass,generic_status_only,methods_nonempty,repo_authentic_artifact_count,domain_specific_interaction,domain_specific_diagram_or_data,generic_readme_headings_only,row_count,runtime_pending
oulu-mimo-smart-antenna-lab,1,STATIC_RESEARCH_SURFACE_WORKER,https://gunnchos-oulu-mimo.gunnchos-finds.workers.dev/,200,True,False,False,True,11,True,True,True,6,False
EDGE-SIGNALS,1,STATIC_RESEARCH_SURFACE_WORKER,https://gunnchos-edge-signals.gunnchos-finds.workers.dev/,200,True,False,False,False,0,False,True,True,6,False
edge-io-measurement-node,42,STATIC_RESEARCH_SURFACE_WORKER,https://gunnchos-edge-io.gunnchos-finds.workers.dev/,200,True,False,False,True,12,True,True,True,7,False
gunnchos-7gc-ai-ran-field-kit,122,STATIC_RESEARCH_SURFACE_WORKER,https://gunnchos-7gc-field-kit.gunnchos-finds.workers.dev/,200,True,False,False,True,12,True,True,True,20,False
gunnchos-emergent-service-intent-protocols,4,STATIC_RESEARCH_SURFACE_WORKER,https://gunnchos-service-intent.gunnchos-finds.workers.dev/,200,True,False,False,True,12,True,True,True,10,False
oulu-stochastic-dsp-lab,1,STATIC_RESEARCH_SURFACE_WORKER,https://gunnchos-oulu-dsp.gunnchos-finds.workers.dev/,200,True,False,False,True,8,True,True,True,4,False
oulu-wireless-measurement-system-testing-lab,1,STATIC_RESEARCH_SURFACE_WORKER,https://gunnchos-oulu-measurement.gunnchos-finds.workers.dev/,200,True,False,False,True,12,True,True,True,5,False
readygary-6g-beam-selection,29,STATIC_RESEARCH_SURFACE_WORKER,https://gunnchos-readygary.gunnchos-finds.workers.dev/,200,True,False,False,True,12,True,True,True,3,False
gunnchos-stochastic-dsp-lab,1,STATIC_RESEARCH_SURFACE_WORKER,https://gunnchos-stochastic-dsp.gunnchos-finds.workers.dev/,200,True,False,False,True,9,True,True,True,4,False
ntn-resilience-sim,30,STATIC_RESEARCH_SURFACE_WORKER,https://gunnchos-ntn-resilience.gunnchos-finds.workers.dev/,200,True,True,False,True,12,True,True,False,5,False
waike-research-ops,63,STATIC_RESEARCH_SURFACE_WORKER,https://gunnchos-waike-ops.gunnchos-finds.workers.dev/,200,True,False,False,True,12,False,True,True,6,False
gunnchos-gpu-nr-baseband-platform,4,STATIC_RESEARCH_SURFACE_WORKER,https://gunnchos-gpu-nr-baseband.gunnchos-finds.workers.dev/,200,True,False,False,True,12,True,True,True,14,False
oulu-6g-security-trust-privacy-lab,1,STATIC_RESEARCH_SURFACE_WORKER,https://gunnchos-oulu-security.gunnchos-finds.workers.dev/,200,True,False,False,True,12,True,True,True,6,False
oulu-rf-front-end-lab,1,STATIC_RESEARCH_SURFACE_WORKER,https://gunnchos-oulu-rf.gunnchos-finds.workers.dev/,200,True,False,False,True,11,True,True,True,5,False
spectrumx-ai-ran-gary,105,STATIC_RESEARCH_SURFACE_WORKER,https://gunnchos-spectrumx.gunnchos-finds.workers.dev/,200,True,False,False,True,12,True,True,True,17,False
gunnchos-research-portal,50,STATIC_RESEARCH_SURFACE_WORKER,https://gunnchos-research.gunnchos-finds.workers.dev/,200,True,False,False,True,12,False,True,True,6,False
7gc-digital-twin,34,STATIC_RESEARCH_SURFACE_WORKER,https://gunnchos-7gc-digital-twin.gunnchos-finds.workers.dev/,200,True,False,False,True,12,True,True,True,2,False
oulu-information-theory-channel-coding-lab,1,STATIC_RESEARCH_SURFACE_WORKER,https://gunnchos-oulu-channel-coding.gunnchos-finds.workers.dev/,200,True,False,False,True,11,True,True,True,5,False
gunnchos-technology-landscape,11,STATIC_RESEARCH_SURFACE_WORKER,https://gunnchos-tech-landscape.gunnchos-finds.workers.dev/,200,True,False,False,False,12,False,True,True,6,False
oulu-open-ran-testbed-lab,1,STATIC_RESEARCH_SURFACE_WORKER,https://gunnchos-oulu-open-ran.gunnchos-finds.workers.dev/,200,True,False,False,True,10,True,True,True,6,False
oulu-wce-readiness-dashboard,1,STATIC_RESEARCH_SURFACE_WORKER,https://gunnchos-oulu-wce.gunnchos-finds.workers.dev/,200,True,False,False,True,7,True,True,True,3,False
7gc-verticals-6g-use-case-lab,2,STATIC_RESEARCH_SURFACE_WORKER,https://gunnchos-7gc-verticals.gunnchos-finds.workers.dev/,200,True,False,False,True,12,True,True,True,6,False
gunnchos-hardware-industrial-design,86,STATIC_PRODUCT_SURFACE_WORKER,https://gunnchos-hardware.gunnchos-finds.workers.dev/,200,True,True,False,True,12,False,True,True,6,False
gunnchos-device-os,169,STATIC_PRODUCT_SURFACE_WORKER,https://gunnchos-device-os.gunnchos-finds.workers.dev/,200,True,True,False,True,12,False,True,True,6,False
gunnchAI3k,59,BACKEND_CONTROL_SURFACE_WORKER,https://gunnchos-gunnchai.gunnchos-finds.workers.dev/,200,True,True,False,True,12,False,True,True,6,False
gunnchai-ai-ur-013-sandbox,3,BACKEND_CONTROL_SURFACE_WORKER,https://gunnchos-ai-ur-013.gunnchos-finds.workers.dev/,200,True,True,False,False,0,False,False,True,1,False
anime-aggressors,120,HEAVY_ASSET_EXTERNAL_RUNTIME_SURFACE,https://anime-aggressors-web.gunnchos-finds.workers.dev/,200,False,False,True,False,0,False,False,True,0,True
pedestrian-pursuit,40,GAME_LANDING_WORKER,https://pedestrian-pursuit-web.gunnchos-finds.workers.dev/,200,False,False,True,False,0,False,False,True,0,True
gunnchOS3k,6,META_DIRECTORY_WORKER,https://gunnchos-ecosystem-index.gunnchos-finds.workers.dev/,200,True,True,False,False,0,False,True,True,6,False
gunnchOS3k-MLV-Hackathons,2,META_DIRECTORY_WORKER,https://gunnchos-mlv-hackathons.gunnchos-finds.workers.dev/,200,True,True,False,False,1,False,True,True,6,False
gunnchOS3k-MLV-Arcade,2,META_DIRECTORY_WORKER,https://gunnchos-mlv-arcade.gunnchos-finds.workers.dev/,200,True,True,False,False,4,False,True,True,6,False
gunnchOS3k-MLV-open-Roles-and-Opportunities,2,META_DIRECTORY_WORKER,https://gunnchos-mlv-roles.gunnchos-finds.workers.dev/,200,True,False,False,False,0,False,False,True,0,False
gunnchOS3k-MLV-GameJam,2,META_DIRECTORY_WORKER,https://gunnchos-mlv-gamejam.gunnchos-finds.workers.dev/,200,True,True,False,False,1,False,True,True,6,False
