file,bytes
00_MASTER_GUNNCHOS_ECOSYSTEM_CONSTITUTION.md,13014
01_PRODUCT_PHILOSOPHY_AND_NORTH_STAR.md,1984
02_3K_MLV_WORLD_AND_UX_DOCTRINE.md,1374
03_WAIKE_LEARNING_PHILOSOPHY_AND_REQUIREMENTS.md,1999
04_GUNNCHAI_INTELLIGENCE_DOCTRINE.md,1523
05_DEVICE_OS_AND_HOST_COMPATIBILITY_DOCTRINE.md,1192
06_HARDWARE_QUARTET_AND_EDGE_IO_DOCTRINE.md,1545
07_GAMES_PARTYLINK_AND_EXPERIENCE_DOCTRINE.md,1107
08_ANIME_AGGRESSORS_CREATIVE_AND_GAMEPLAY_DOCTRINE.md,1678
09_PEDESTRIAN_PURSUIT_CREATIVE_AND_GAMEPLAY_DOCTRINE.md,894
10_ARCHIVE_OF_LIFE_CREATIVE_AND_KNOWLEDGE_DOCTRINE.md,1090
11_BEATLINK_PARTY_CREATIVE_AND_SOCIAL_DOCTRINE.md,894
12_7GC_RESEARCH_AND_6G_DOCTRINE.md,1377
13_PUBLIC_WEB_COMMUNITY_AND_GALLERY_DOCTRINE.md,1275
14_PRIVACY_IDENTITY_SECURITY_AND_SHARING_DOCTRINE.md,1044
15_ACCESSIBILITY_DIGITAL_EQUITY_AND_EDUCATION_DOCTRINE.md,1193
16_QUALITY_ACCEPTANCE_RELEASE_AND_TRUTH_DOCTRINE.md,1063
17_FUTURE_STATE_ROADMAP_AND_SCOPE_EVOLUTION.md,1280
18_CANONICAL_GLOSSARY_AND_NAMING.md,1383
19_PRODUCT_DECISION_FILTERS.md,1246
20_REQUIREMENTS_TRACEABILITY_TO_V1_CONTROL_PACK.md,1096
ECOSYSTEM_DOCTRINE_MANIFEST.json,1612
