product,delivery_mode,repo,origin_main_sha,candidate_sha,installed_or_served_sha,version_name,version_code,package_id,artifact_sha256,signer_sha256,install_or_load_result,launch_result,exact_main_match,test_surface,status,known_limitations
gunnchOS / device-os,NATIVE_ANDROID_APK,gunnchOS3k/gunnchos-device-os,2ae070fd8b050c3520ed8dac211e0d607bf9f63f,2ae070fd8b050c3520ed8dac211e0d607bf9f63f,2ae070fd8b050c3520ed8dac211e0d607bf9f63f,1.0.0-capsule-pilot-debug,1,com.gunnchos.capsule.debug,57bc2230c5f376c0582a523fc154d8f9e25bde222748aaaeb16e39bb68ee6746,b637ea5f982aa1d3027e346fbfe9f672fdc5dee95407b1608b50b6f1631bd59a,Success,PASS_PID_RUNNING,True,shell_home_launch_smoke,PASS_EXACT_MAIN,Automated launch/home capture only; custom hardware EVT not claimed
Anime Aggressors,NATIVE_ANDROID_APK,gunnchOS3k/anime-aggressors,72e5dada4e557b42b6abb8c85f218f0a5b3d2e35,72e5dada4e557b42b6abb8c85f218f0a5b3d2e35,72e5dada4e557b42b6abb8c85f218f0a5b3d2e35,0.3.7,219,com.gunnchos.animeaggressors,69c87a30c6b3240fa49e5e703d51218a73bff63d304c617651f7868ca919fa7a,b637ea5f982aa1d3027e346fbfe9f672fdc5dee95407b1608b50b6f1631bd59a,Success,PASS_PID_RUNNING,True,launch_home_party_entry_attempt,PASS_EXACT_MAIN,#117 merged during run; rebuilt/installed 72e5dada; human Party/8P/fun/animation gates remain false; online_hub_scene.gd typed-inference warnings during export
Pedestrian Pursuit,NATIVE_ANDROID_APK,gunnchOS3k/pedestrian-pursuit,77a5413c15e0d25524fe5381e117678aa2d42edf,77a5413c15e0d25524fe5381e117678aa2d42edf,77a5413c15e0d25524fe5381e117678aa2d42edf,0.4.3-race-experience-v3,18,com.gunnchos.pedestrianpursuit,a006f7c80efd0b7da36f2ba9976f40a8682373934939c46e1504d4fd88cbcdfd,b637ea5f982aa1d3027e346fbfe9f672fdc5dee95407b1608b50b6f1631bd59a,Already_installed_exact_main,PASS_PID_RUNNING,True,launch_home_party_entry_attempt,PASS_EXACT_MAIN,Human race-feel gates remain false
Archive of Life,NATIVE_ANDROID_APK,gunnchOS3k/archive-of-life-artifact-world,23ce4dafc2711449cab43a5bb6f42698c61ed2a1,23ce4dafc2711449cab43a5bb6f42698c61ed2a1,23ce4dafc2711449cab43a5bb6f42698c61ed2a1,1.1.1,3,com.gunnchos.archiveoflife,00a65f533e17544b2a819f1575e860cc0dd7ee2f9b45c0421dd48567d401e296,b637ea5f982aa1d3027e346fbfe9f672fdc5dee95407b1608b50b6f1631bd59a,Success,PASS_PID_RUNNING,True,launch_home_archivedex_capture,PASS_EXACT_MAIN,GLOBAL_DATA_COMPLETE=false; ALL_SPECIES_INGESTED=false
BeatLink Party,NATIVE_ANDROID_APK,gunnchOS3k/beatlink-party,e1a5d9998f93d707440f68673c0da844617dc10e,e1a5d9998f93d707440f68673c0da844617dc10e,e1a5d9998f93d707440f68673c0da844617dc10e,1.1.2,4,com.gunnchos.beatlinkparty,781537193dbe16a41f648b9a54e32fdba841da02bbf83241e50dc3d8afdb239a,b637ea5f982aa1d3027e346fbfe9f672fdc5dee95407b1608b50b6f1631bd59a,Success,PASS_PID_RUNNING,True,launch_room_flow_smoke,PASS_EXACT_MAIN,No Spotify/commercial music rights claimed
3k MLV,PWA_BROWSER,gunnchOS3k/3k-mlv,94cba498f7b6b4b78825af16d9ed403bdb617eaf,94cba498f7b6b4b78825af16d9ed403bdb617eaf,94cba498f7b6b4b78825af16d9ed403bdb617eaf,1.0.0,,,,,pnpm_preview_4174_adb_reverse,PASS_HTTP_200_CHROME,True,home_atlas_seven_campuses_network_twin_gallery,PASS_EXACT_MAIN,Local preview via adb reverse; not production OAuth; human campus taste false
WAIKE,PWA_BROWSER,gunnchOS3k/gunnchos-waike-learning-platform,9966e95b84a8b008ea50ffebd3f851950c1136be,9966e95b84a8b008ea50ffebd3f851950c1136be,9966e95b84a8b008ea50ffebd3f851950c1136be,,,,,,pixel_pilot_exact_main_2026-09-28T22:57:10Z,PASS_WEB_CLIENT,True,pixel_pilot_ports_8000_1420,PASS_EXACT_MAIN,Exact-main pilot captured 2026-09-28T22:57:10Z; PIXEL_LEARNER_18_TRACK_VISIBILITY_PASS=False; PIXEL_PILOT_ALL_18_TRACKS_LOADED=True; PIXEL_WAIKE_AI_SURFACE_PASS=false; Native Android Phase B DEFER; Role physical journey gates mostly false this soak-shortened run
gunnchAI,INTEGRATED_SURFACE,gunnchOS3k/gunnchAI3k,e08b68bdbc26715a903bca51a9740f621a3b2dd6,e08b68bdbc26715a903bca51a9740f621a3b2dd6,e08b68bdbc26715a903bca51a9740f621a3b2dd6,,,,,,TEST_THROUGH_WAIKE,AI_SURFACE_NOT_EARNED,False,waike_ask_gunnchai,BLOCKED_REQUIRED_SERVICE,GUNNCHAI_LIVE_PROVIDER_QUALIFICATION_PASS=false; PIXEL_WAIKE_AI_SURFACE_PASS=false this pass
7GC / Network Twin,INTEGRATED_SURFACE,gunnchOS3k/3k-mlv,94cba498f7b6b4b78825af16d9ed403bdb617eaf,94cba498f7b6b4b78825af16d9ed403bdb617eaf,94cba498f7b6b4b78825af16d9ed403bdb617eaf,,,,,,served_via_mlv,PASS_SCREENSHOTS_SEVEN_CAMPUSES_AND_TWIN,True,mlv_campus_network_twin_lab,PASS_EXACT_MAIN,Planning twin only; no RF/RIC/carrier claims
